{"cameraMode":{"drawMode":0,"name":"Shaded","section":"Shading Mode"},"sceneLighting":true,"audioPlay":false,"sceneViewState":{"showFog":true,"showMaterialUpdate":false,"showSkybox":true,"showFlares":true,"showImageEffects":true,"showParticleSystems":true},"in2DMode":false,"pivot":{"x":-0.7467665672302246,"y":3.4967145919799806,"z":-3.301955223083496},"rotation":{"x":-0.3419111371040344,"y":0.09925580024719238,"z":-0.03634371981024742,"w":-0.9337688684463501},"size":18.658109664916993,"orthographic":false}